{"cameraMode":{"drawMode":0,"name":"Shaded","section":"Shading Mode"},"sceneLighting":false,"audioPlay":false,"sceneViewState":{"m_AlwaysRefresh":false,"showFog":true,"showSkybox":false,"showFlares":true,"showImageEffects":false,"showParticleSystems":true,"showVisualEffectGraphs":true,"m_FxEnabled":true},"in2DMode":false,"pivot":{"x":-0.24364030361175538,"y":0.8443551063537598,"z":-0.14385342597961427},"rotation":{"x":-0.07173365354537964,"y":0.8391423225402832,"z":-0.11424195021390915,"w":-0.5269170999526978},"size":2.215372323989868,"orthographic":false}