{"cameraMode":{"drawMode":0,"name":"Shaded","section":"Shading Mode"},"sceneLighting":true,"audioPlay":false,"sceneViewState":{"m_AlwaysRefresh":false,"showFog":true,"showSkybox":true,"showFlares":true,"showImageEffects":true,"showParticleSystems":true,"showVisualEffectGraphs":true,"m_FxEnabled":true},"in2DMode":false,"pivot":{"x":-9.800919532775879,"y":0.7138001918792725,"z":-3.200000047683716},"rotation":{"x":0.40803787112236025,"y":-0.00411212258040905,"z":0.0018389124888926745,"w":0.9129519462585449},"size":1.617376685142517,"orthographic":false}