{"cameraMode":{"drawMode":0,"name":"Shaded","section":"Shading Mode"},"sceneLighting":false,"audioPlay":false,"sceneViewState":{"m_AlwaysRefresh":false,"showFog":true,"showSkybox":false,"showFlares":true,"showImageEffects":true,"showParticleSystems":true,"showVisualEffectGraphs":true,"m_FxEnabled":true},"in2DMode":false,"pivot":{"x":0.17907989025115968,"y":0.7141001224517822,"z":-6.989285469055176},"rotation":{"x":-0.09603117406368256,"y":-0.051638804376125339,"z":0.004988519474864006,"w":-0.994022011756897},"size":1.0523738861083985,"orthographic":false}